Origin Station Complex Name,Destination Station Complex Name,Estimated Average Ridership,Rank
"Grand Central-42 St (S,4,5,6,7)","Times Sq-42 St (N,Q,R,W,S,1,2,3,7)/42 St (A,C,E)",10225.0349,1
"Grand Central-42 St (S,4,5,6,7)","Fulton St (A,C,J,Z,2,3,4,5)",9885.9246,2
"Grand Central-42 St (S,4,5,6,7)","14 St-Union Sq (L,N,Q,R,W,4,5,6)",8137.9739,3
"Grand Central-42 St (S,4,5,6,7)","34 St-Penn Station (1,2,3)",7276.4461,4
"Grand Central-42 St (S,4,5,6,7)","86 St (4,5,6)",6271.9055,5
"Grand Central-42 St (S,4,5,6,7)",Vernon Blvd-Jackson Av (7),5247.7093,6
"Grand Central-42 St (S,4,5,6,7)",Bedford Av (L),3412.5298000000003,7
"Grand Central-42 St (S,4,5,6,7)",Flushing-Main St (7),3382.3601,8
"Grand Central-42 St (S,4,5,6,7)",Astor Pl (6),3279.8508,9
"Grand Central-42 St (S,4,5,6,7)",77 St (6),3265.1237,10
"Grand Central-42 St (S,4,5,6,7)","Broadway-Lafayette St (B,D,F,M)/Bleecker St (6)",3216.0741,11
"Grand Central-42 St (S,4,5,6,7)",23 St (6),2853.9896,12
"Grand Central-42 St (S,4,5,6,7)","72 St (1,2,3)",2806.9368,13
"Grand Central-42 St (S,4,5,6,7)","Brooklyn Bridge-City Hall (4,5,6)/Chambers St (J,Z)",2794.032,14
"Grand Central-42 St (S,4,5,6,7)","Wall St (4,5)",2626.2977,15
"Grand Central-42 St (S,4,5,6,7)","Lexington Av (N,R,W)/59 St (4,5,6)",2540.129,16
"Grand Central-42 St (S,4,5,6,7)","Court St (R)/Borough Hall (2,3,4,5)",2481.0254,17
"Grand Central-42 St (S,4,5,6,7)","Court Sq (E,G,M,7)",2425.8129,18
"Grand Central-42 St (S,4,5,6,7)",34 St-Hudson Yards (7),2405.4836,19
"Grand Central-42 St (S,4,5,6,7)","14 St (F,M,1,2,3)/6 Av (L)",2351.8275,20
"Grand Central-42 St (S,4,5,6,7)","74-Broadway (7)/Jackson Hts-Roosevelt Av (E,F,M,R)",2324.7479,21
"Grand Central-42 St (S,4,5,6,7)","Bowling Green (4,5)",2248.1278,22
"Grand Central-42 St (S,4,5,6,7)",68 St-Hunter College (6),2244.6358,23
"Grand Central-42 St (S,4,5,6,7)",1 Av (L),2216.1295,24
"Grand Central-42 St (S,4,5,6,7)","34 St-Herald Sq (B,D,F,M,N,Q,R,W)",2131.807,25
